ContentItemId,Abstract,Ancilary Data,ARDA Subject Category,ARDA Volume and Issue,Personal Author,Availability,Bibliographic Type Code,Bibliographic Level,Bibtype Name,CD Number,CD Fulltext Database,CD Fulltext Contributing Office,Contract/Grant Number,Cost of Electronic Copy,Cost of Microfiche,Cost of Paper Copy,Date Abstracted and Indexed,Create Date for CD,Date Cataloging Proofed,Date Indexed Only,Date Processing Complete,Date Prepared for Filming,Date of Publication Freeforrm,Date of Publication Fixed,Date of Expected Release to Public,Date Refilmed,Date Returned from Filmer,Date Sent Abstracting Indexing,Date Sent to Filmer,Descriptions from Thesaurus,Secondary Descriptors,Descriptors Geographic,DESCTEMP,Document ID,Edition,Entered By,AID Contact Number Evaluated,Total Evaluation Cost,Exclude from Prjdoc View,File Format,Fulltext External Reference,File Size,File Software and Version,Fulltext,USAID Geography Code,USAID Geography Name,Related Object Link,New Thesaurus Terms,Institution Authority Code,Institution Name,Institution Role,Inventory Location,Inventory Quantity,ISBN,Language of Text,Mime Type,Notation,NTIS Number,Number of Fiche,Number of Fiche Frames,Stategic Objective Number,Pagination,Collation Notes,Prepped By,Project Number,Project9 Prime Dve Activity,Project Sub Number,REC_NO,Related Docs Links,Report Number,Batch,Box,Shelf Location,Special Processing Instructions,Primary Subject,Document Title,Series Title,Document Title Translated,Title Word Alternate Spelling,Web Collection,Abstract or Index,ABIN load Check Field,USAID Project Number,File,Institution or USAID Bureau Author,Institution or USAID Sponsor,Institution or USAID Publisher,Restricted to USAID Only,Language ISO1 Code,Class,Date Processing Started,Category,DateCreated,DateModified,Active,File Processed,Selected for Cataloguing,Not Selected for Cataloguing,Proofed,Indexed,Processing Complete,Restricted,fliqzid,inmCreatedBy,inmWatchers,Thumbnail,Descriptors_Geographic_t,Descriptors_Geographic_t_date,Language_of_Text_t,Language_of_Text_t_date
233302,,Cited in USAID historical material bibliography,,,"Acheson, Dean|Thorp, W. L.|Donahue, Ruth S.",Best available copy,55,M,Non-USAID Technical,,,,,,,,,,8/16/1994 12:00:00 AM,1/24/1995 12:00:00 AM,1/25/1995 12:00:00 AM,8/19/1994 12:00:00 AM,Apr 1949,1949-04,,,8/31/1994 12:00:00 AM,9/1/1994 12:00:00 AM,8/19/1994 12:00:00 AM,Economic development|Development assistance|Foreign assistance,Technical assistance|Development cooperation,,,PC-AAA-455,,LBmc,,,False,F|E,,"3,778 KB",PDF,,,,,Point Four Program,1681,U.S. Dept. of State,A,,,,English,application/pdf,D25.J|J02.57.M6|J08.EP|J02.57.M|J02.57.M6.E|J08.EP.E|P03.H9|J02.57.M8.C,,1,14,,,,EH,,,,80695,,,9408,18,,M. Nelson historical bibliography|Converted to searchable PDF 2007-08-07 (exact OCR),JC30,World economic progress through cooperative technical assistance : the Point 4 program,"Department of State publication. Economic cooperation series, 15",,Point Four,USAID history (general) Point Four,,80695PC-AAA-455,,D:\Projects\USAID\PDFs\PCAAA455.pdf,001681 - U.S. Dept. of State,,,False,En,Development program planning and management,,Thesaurus~Thesaurus Collection~Government and law~International politics~International relations~Foreign assistance~Technical assistance|Thesaurus~Thesaurus Collection~Government and law~The state~Government~Public administration~Foreign assistance|Thesaurus~Thesaurus Collection~Management~Management operations~Cooperation~Development cooperation|Notation~Notation Collection~P~P03~P03.H~P03.H9|Notation~Notation Collection~J~J08~J08.E~J08.EP|Thesaurus~Thesaurus Collection~Economics~Economic administration~Economic development|Thesaurus~Thesaurus Collection~Government and law~The state~Government~Public administration~Foreign assistance~Development assistance|Notation~Notation Collection~J~J02~J02.5~J02.57~J02.57.M|Thesaurus~Thesaurus Collection~Government and law~The state~Government~Public administration~Foreign assistance~Development administration~Development cooperation|Notation~Notation Collection~J~J02~J02.5~J02.57~J02.57.M~J02.57.M6~J02.57.M6.E|Notation~Notation Collection~J~J02~J02.5~J02.57~J02.57.M~J02.57.M6|Notation~Notation Collection~D~D25~D25.J|Notation~Notation Collection~J~J02~J02.5~J02.57~J02.57.M~J02.57.M8~J02.57.M8.C|Thesaurus~Thesaurus Collection~Government and law~International politics~International relations~Foreign assistance|Notation~Notation Collection~J~J08~J08.E~J08.EP~J08.EP.E|Thesaurus~Thesaurus Collection~Government and law~The state~Government~Public administration~Foreign assistance~Development assistance~Technical assistance|Document Type~Document Type Collection~Technical Reports (all)~Non-USAID Technical,8/2/1994 4:00:00 AM,11/12/2013 5:15:15 PM,True,True,False,False,False,False,False,,,Guest,,,No values found,11/12/2013 12:01:00 PM,,
233304,,,,,,Best available copy,55,M,Non-USAID Technical,,,,,,,,,,8/16/1994 12:00:00 AM,1/24/1995 12:00:00 AM,1/25/1995 12:00:00 AM,8/19/1994 12:00:00 AM,Jul 1949,1949-07,,,8/31/1994 12:00:00 AM,9/1/1994 12:00:00 AM,8/19/1994 12:00:00 AM,Development assistance|Economic development|Foreign assistance,Development cooperation|Technical assistance|Foreign investment,,,PC-AAA-457,,LBmc,,,False,F|E,,"56,390 KB",PDF,,942,AID Administrator,,Point Four Program,1681,U.S. Dept. of State,A,,,,English,application/pdf,J02.57.M6|D25.J|J08.EP|J02.57.M|P03.H9|J02.57.M8.C|J02.57.M6.E|J08.EP.E|D02.R8,,2,166,,"iii, 157 p.",statistical tables,EH,,,,80697,,,9408,18,,"M. Nelson historical bibliography|John Butsch, USAID Library advises current edition of bibliography|which he is revising does not include this DOCID|Converted to searchable PDF 2007-08-07 (exact OCR)",JC30,Point 4 : cooperative program for aid in the development of economically underdeveloped areas,,,Point Four,USAID history (general) Point Four,,80697PC-AAA-457,,D:\Projects\USAID\PDFs\PCAAA457.pdf,001681 - U.S. Dept. of State,,,False,En,Development program planning and management,,Notation~Notation Collection~J~J02~J02.5~J02.57~J02.57.M~J02.57.M8~J02.57.M8.C|Thesaurus~Thesaurus Collection~Economics~Economic administration~Economic development|Document Type~Document Type Collection~Technical Reports (all)~Non-USAID Technical|Notation~Notation Collection~J~J08~J08.E~J08.EP|Notation~Notation Collection~J~J02~J02.5~J02.57~J02.57.M~J02.57.M6|Notation~Notation Collection~J~J08~J08.E~J08.EP~J08.EP.E|Thesaurus~Thesaurus Collection~Government and law~The state~Government~Public administration~Foreign assistance~Development assistance|Thesaurus~Thesaurus Collection~Government and law~International politics~International relations~Foreign assistance|Thesaurus~Thesaurus Collection~Government and law~The state~Government~Public administration~Foreign assistance~Development assistance~Technical assistance|Notation~Notation Collection~J~J02~J02.5~J02.57~J02.57.M|Thesaurus~Thesaurus Collection~Government and law~International politics~International relations~Foreign assistance~Technical assistance|Notation~Notation Collection~J~J02~J02.5~J02.57~J02.57.M~J02.57.M6~J02.57.M6.E|Thesaurus~Thesaurus Collection~Management~Management operations~Cooperation~Development cooperation|Notation~Notation Collection~D~D25~D25.J|Thesaurus~Thesaurus Collection~Government and law~The state~Government~Public administration~Foreign assistance|Notation~Notation Collection~D~D02~D02.R~D02.R8|Thesaurus~Thesaurus Collection~Economics~Finance~Investment~Foreign investment|Notation~Notation Collection~P~P03~P03.H~P03.H9|Thesaurus~Thesaurus Collection~Government and law~The state~Government~Public administration~Foreign assistance~Development administration~Development cooperation,8/2/1994 4:00:00 AM,11/12/2013 5:15:18 PM,True,True,False,False,False,False,False,,,Guest,,,No values found,11/12/2013 12:01:00 PM,,
236080,,Caption title.|Cited in USAID historical material bibliography,,,"Warburg, James P. (James Paul)",Best available copy,55,M,Non-USAID Technical,,,,,,,,,,2/8/1995 12:00:00 AM,7/26/1995 12:00:00 AM,7/31/1995 12:00:00 AM,3/17/1995 12:00:00 AM,[1949],1949,,,3/27/1995 12:00:00 AM,3/27/1995 12:00:00 AM,3/17/1995 12:00:00 AM,Foreign assistance|Foreign policy|Civic action,,USA,,PC-AAA-626,,acJH,,,False,,,"1,995 KB",PDF,,942,AID Administrator,,Point Four Program,,,,,,,English,application/pdf,J08.EP|J02.57.M|J08.9|J19.22.6|G06.5A,,0,68,,,,EH,,,,83474,,,9503,10,,From OCLC|Converted to searchable PDF 2006-11-20 (exact OCR)|Earlier PDF discarded 2013-12-11|ILL paper copy scanned directly to searchable PDF 2013-12-11 (exact OCR),JC20,"'Point Four' : our chance to achieve freedom from fear, and what you can do about it",,,Point 4,USAID history (general) Point Four,,83474PC-AAA-626,,pcaaa626.pdf,,,,False,En,Foreign assistance,,,1/26/1995 5:00:00 AM,12/11/2013 3:59:58 PM,True,True,False,False,False,False,False,,,Guest,,,No values found,11/12/2013 12:00:00 AM,English (1.0),12/11/2013 11:00:00 AM
236124,,Cited in USAID historical material bibliography,,,"Hutcheson, Harold H.",,55,M,Non-USAID Technical,,,,,,,,,,2/8/1995 12:00:00 AM,7/26/1995 12:00:00 AM,7/31/1995 12:00:00 AM,2/22/1995 12:00:00 AM,1 Jun 1949,1949-06,,,3/8/1995 12:00:00 AM,3/8/1995 12:00:00 AM,2/22/1995 12:00:00 AM,Foreign assistance|Development assistance,Government|Capital|Economic development|Foreign policy,USA,,PC-AAA-591,,ac,,,False,F|E,,834 KB,PDF,,942,AID Administrator,,Point Four Program,4905,Foreign Policy Association,A,,,,English,application/pdf,J08.EP|J02.57.M|J02.57.M6|J02.5|D02.L|D25.J|J08.9|G06.5A,,1,12,,,,EH,,,,83518,,,9502,94,,From OCLC|Converted to searchable PDF 2006-11-20 (exact OCR),DA30,Government and capital in Point Four,"Foreign policy reports, v. 25, no. 6",,Point 4,USAID history (general) Point Four,,83518PC-AAA-591,,D:\Projects\USAID\PDFs\PCAAA591.pdf,004905 - Foreign Policy Association,,,False,En,Economic growth and development,,Thesaurus~Thesaurus Collection~Economics~Finance~Capital|Notation~Notation Collection~D~D25~D25.J|Notation~Notation Collection~J~J02~J02.5|Thesaurus~Thesaurus Collection~Geographical areas and countries~America~North America~USA|Thesaurus~Thesaurus Collection~Government and law~The state~Government~Public administration~Foreign assistance|Thesaurus~Thesaurus Collection~Government and law~International politics~Foreign policy|Notation~Notation Collection~J~J02~J02.5~J02.57~J02.57.M~J02.57.M6|Thesaurus~Thesaurus Collection~Economics~Economic administration~Economic development|Document Type~Document Type Collection~Technical Reports (all)~Non-USAID Technical|Notation~Notation Collection~J~J08~J08.9|Thesaurus~Thesaurus Collection~Government and law~The state~Government|Notation~Notation Collection~G~G06~G06.5~G06.5A|Notation~Notation Collection~J~J02~J02.5~J02.57~J02.57.M|Thesaurus~Thesaurus Collection~Government and law~The state~Government~Public administration~Foreign assistance~Development assistance|Notation~Notation Collection~D~D02~D02.L|Notation~Notation Collection~J~J08~J08.E~J08.EP|Thesaurus~Thesaurus Collection~Government and law~International politics~International relations~Foreign assistance,1/31/1995 5:00:00 AM,11/12/2013 5:15:23 PM,True,True,False,False,False,False,False,,,Guest,,,No values found,11/12/2013 12:01:00 PM,,
236140,,"Full text of Truman's inaugural address of Jan. 20, 1949 as printed|in US News & World Report, Jan. 28, 1949.|Cited in USAID historical material bibliography",,,"Truman, Harry S.","U.S. News & World Report, Inc.|Best available copy - illegible print",55,M,Non-USAID Technical,,,,,,,,,,2/8/1995 12:00:00 AM,7/26/1995 12:00:00 AM,7/31/1995 12:00:00 AM,2/16/1995 12:00:00 AM,20 Jan 1949,1949-01,,,2/28/1995 12:00:00 AM,2/28/1995 12:00:00 AM,2/16/1995 12:00:00 AM,Foreign policy|Foreign assistance,Development assistance|International relations,USA,,PC-AAA-559,,mc,,,False,F|E,,485 KB,PDF,,942,AID Administrator,,,13267,,A,,,,English,application/pdf,J08.9|J08.EP|J02.57.M|J02.57.M6|J08.E|G06.5A,,1,4,,,,EH,,,,83534,,,9502,92,,From OCLC|Converted to searchable PDF 2006-11-20 (exact OCR),JG00,Program for peace and freedom : President Truman's inaugural statement of faith,,,,,,83534PC-AAA-559,,D:\Projects\USAID\PDFs\PCAAA559.pdf,013267 - White House,,,False,En,International politics,,Notation~Notation Collection~G~G06~G06.5~G06.5A|Document Type~Document Type Collection~Technical Reports (all)~Non-USAID Technical|Thesaurus~Thesaurus Collection~Government and law~International politics~International relations~Foreign assistance|Notation~Notation Collection~J~J08~J08.E~J08.EP|Notation~Notation Collection~J~J02~J02.5~J02.57~J02.57.M|Thesaurus~Thesaurus Collection~Government and law~International politics~Foreign policy|Notation~Notation Collection~J~J08~J08.E|Thesaurus~Thesaurus Collection~Government and law~The state~Government~Public administration~Foreign assistance~Development assistance|Notation~Notation Collection~J~J02~J02.5~J02.57~J02.57.M~J02.57.M6|Notation~Notation Collection~J~J08~J08.9|Thesaurus~Thesaurus Collection~Government and law~The state~Government~Public administration~Foreign assistance|Thesaurus~Thesaurus Collection~Geographical areas and countries~America~North America~USA|Thesaurus~Thesaurus Collection~Government and law~International politics~International relations,1/27/1995 5:00:00 AM,3/9/2013 7:41:07 PM,True,True,False,False,False,False,False,,,Guest,,,,,,
236166,,Cited in USAID historical material bibliography,,,"Truman, Harry S.",Best available copy,55,M,Non-USAID Technical,,,,,,,,,,2/8/1995 12:00:00 AM,6/22/1995 12:00:00 AM,6/22/1995 12:00:00 AM,2/22/1995 12:00:00 AM,24 Jun 1949,1949-06,,,3/8/1995 12:00:00 AM,3/8/1995 12:00:00 AM,2/22/1995 12:00:00 AM,Technical assistance|Foreign assistance,Economic legislation|Development assistance,USA,,PC-AAA-604,,mc,,,False,F|E,,362 KB,PDF,,942,AID Administrator,,,8222,U.S. Executive Ofc. of the President,A,,,,English,application/pdf,J02.57.M6.E|J08.EP.E|J08.EP|J02.57.M|D67|J02.DF|J02.57.M6|G06.5A,,1,6,,,,EH,,,,83560,,,9502,94,,From OCLC|Converted to searchable PDF 2008-01-30 (exact OCR),JC20,"Technical assistance for the underdeveloped areas of the world : message from the President of the United States, transmitting a recommendation for the enactment of legislation to authorize an expanded program of technical assistance for the underdeveloped areas of the world","Serial set : 81st Congress, 1st Session, House of Representatives,|no. 240",,,,,83560PC-AAA-604,,D:\Projects\USAID\PDFs\PCAAA604.pdf,008222 - U.S. Executive Ofc. of the President,,,False,En,Foreign assistance,,Thesaurus~Thesaurus Collection~Government and law~The state~Government~Public administration~Foreign assistance~Development assistance~Technical assistance|Notation~Notation Collection~G~G06~G06.5~G06.5A|Notation~Notation Collection~J~J02~J02.5~J02.57~J02.57.M~J02.57.M6|Notation~Notation Collection~J~J02~J02.5~J02.57~J02.57.M|Thesaurus~Thesaurus Collection~Geographical areas and countries~America~North America~USA|Document Type~Document Type Collection~Technical Reports (all)~Non-USAID Technical|Notation~Notation Collection~J~J08~J08.E~J08.EP|Notation~Notation Collection~D~D67|Thesaurus~Thesaurus Collection~Government and law~The state~Government~Public administration~Foreign assistance~Development assistance|Thesaurus~Thesaurus Collection~Government and law~The state~Laws and legislation~Economic legislation|Thesaurus~Thesaurus Collection~Government and law~International politics~International relations~Foreign assistance~Technical assistance|Notation~Notation Collection~J~J02~J02.5~J02.57~J02.57.M~J02.57.M6~J02.57.M6.E|Notation~Notation Collection~J~J08~J08.E~J08.EP~J08.EP.E|Thesaurus~Thesaurus Collection~Economics~Economic legislation|Thesaurus~Thesaurus Collection~Government and law~The state~Government~Public administration~Foreign assistance|Thesaurus~Thesaurus Collection~Government and law~International politics~International relations~Foreign assistance|Notation~Notation Collection~J~J02~J02.D~J02.DF,1/31/1995 5:00:00 AM,2/14/2013 6:17:55 AM,True,False,False,False,False,False,False,,,Guest,,,,,,
263294,,"Cover date: November 1949|Cover title: A current report on the Marshall Plan prepared for the|ECA Public Advisory Board|""No. 3""",,,,,51,,Assessment,dex207,,,,,,,,,11/12/2001 12:00:00 AM,1/7/2002 12:00:00 AM,2/15/2002 12:00:00 AM,11/21/2001 12:00:00 AM,Oct 1949,1949-10,,,12/4/2001 12:00:00 AM,12/4/2001 12:00:00 AM,,Earnings|International trade|Imports|Exports|Economic recovery|Development strategies|Marshall Plan,,Western Europe,,PN-ACN-038,,JHjh,,,False,I|E,,738 KB,PDF,,,,,Dollars,4178,U.S. Economic Cooperation Administration (ECA),A,,,,English,application/pdf,D02.N3|D08.2|D08.26|D08.23|D23.N|J02.57.M8.A|J02.57.MA|G19.7,,,29,,,,eh,,,,111456,,,111,17,,TIFF converted to PDF 2004-01-26,DP00,Report of the ECA-Commerce Mission to investigate possibilities of increasing Western Europe's dollar earnings,,,,Marshall Plan,,111456PN-ACN-038,,D:\Projects\USAID\PDFs\PNACN038.pdf,004178 - U.S. Economic Cooperation Administration (ECA),,,False,En,International trade,,Thesaurus~Thesaurus Collection~Economics~Economic conditions~Economic recovery|Thesaurus~Thesaurus Collection~Government and law~The state~Government~Public administration~Foreign assistance~Marshall Plan|Thesaurus~Thesaurus Collection~Economics~Trade~International trade~Exports|Thesaurus~Thesaurus Collection~Economics~Trade~International trade|Notation~Notation Collection~D~D02~D02.N~D02.N3|Notation~Notation Collection~D~D08~D08.2~D08.23|Notation~Notation Collection~J~J02~J02.5~J02.57~J02.57.M~J02.57.MA|Notation~Notation Collection~D~D23~D23.N|Thesaurus~Thesaurus Collection~Government and law~The state~Government~Public administration~Foreign assistance~Development administration~Development strategies|Notation~Notation Collection~D~D08~D08.2|Notation~Notation Collection~J~J02~J02.5~J02.57~J02.57.M~J02.57.M8~J02.57.M8.A|Thesaurus~Thesaurus Collection~Economics~Trade~International trade~Imports|Notation~Notation Collection~G~G19~G19.7|Thesaurus~Thesaurus Collection~Economics~Finance~Income~Earnings|Document Type~Document Type Collection~Technical Reports (all)~Assessment|Thesaurus~Thesaurus Collection~Geographical areas and countries~Europe~Western Europe|Notation~Notation Collection~D~D08~D08.2~D08.26,10/31/2001 5:00:00 AM,3/8/2013 3:06:53 PM,True,True,False,False,False,False,False,,,Guest,,,,,,
269889,,,,,,,63,,Handbook/Manual,dex229,,,,,,,,,3/18/2003 12:00:00 AM,4/17/2003 12:00:00 AM,5/7/2003 12:00:00 AM,3/25/2003 12:00:00 AM,1 Jul 1949,1949-07,,,4/1/2003 12:00:00 AM,3/18/2003 12:00:00 AM,,Marshall Plan|Business enterprises|Investment environment,,USA|Austria|Belgium|Luxemburg|Germany|Denmark|France|Greece|Iceland|Ireland|Italy|Netherlands|Norway|Portugal|Sweden|Turkey|United Kingdom,,PN-ACS-029,,JHjh,,,False,I|E,,837 KB,PDF,,2,United States and District of Columbia,,Trieste,4178,U.S. Economic Cooperation Administration (ECA),A,,,,English,application/pdf,J02.57.MA|P15.V|D02.RL|G06.5A|G19.73|G19.76|G19.7J|G19.7B|G19.7S.2|G19.7A|G25.8|G19.3T.5|G19.7E|G25.B|G19.7S.8|G19.7F|G19.7G|G25.F|G19.7N|G19.7S.A|G19.7P|G19.7S.C|G19.3T.9|G19.7W|G25.U|G19.7X,,,34,,,,eh,,,,118814,,,303,76,,Gleaned from Inv|Converted to searchable PDF 2004-01-26,DP10,Information for American businessmen on the Marshall Plan,,,,Marshall Plan,,118814PN-ACS-029,,D:\Projects\USAID\PDFs\PNACS029.pdf,004178 - U.S. Economic Cooperation Administration (ECA),,,False,En,Exports,,Notation~Notation Collection~G~G25~G25.B|Thesaurus~Thesaurus Collection~Geographical areas and countries~Europe~Western Europe~France|Thesaurus~Thesaurus Collection~Geographical areas and countries~Europe~Western Europe~Luxemburg|Notation~Notation Collection~G~G19~G19.7~G19.7G|Thesaurus~Thesaurus Collection~Geographical areas and countries~Europe~Western Europe~Netherlands|Notation~Notation Collection~D~D02~D02.R~D02.RL|Thesaurus~Thesaurus Collection~Geographical areas and countries~Europe~Western Europe~Austria|Notation~Notation Collection~G~G19~G19.7~G19.7S~G19.7S.2|Thesaurus~Thesaurus Collection~Geographical areas and countries~Europe~Western Europe~Italy|Notation~Notation Collection~G~G19~G19.7~G19.73|Thesaurus~Thesaurus Collection~Geographical areas and countries~Europe~Western Europe~United Kingdom|Notation~Notation Collection~G~G19~G19.7~G19.7S~G19.7S.A|Thesaurus~Thesaurus Collection~Geographical areas and countries~Europe~Western Europe~Scandinavia~Iceland|Notation~Notation Collection~G~G19~G19.7~G19.7S~G19.7S.C|Thesaurus~Thesaurus Collection~Geographical areas and countries~Europe~Central and Eastern Europe~Balkans~Turkey|Thesaurus~Thesaurus Collection~Geographical areas and countries~Europe~Central and Eastern Europe~Balkans~Greece|Thesaurus~Thesaurus Collection~Geographical areas and countries~Europe~Western Europe~Scandinavia~Sweden|Notation~Notation Collection~G~G19~G19.3~G19.3T~G19.3T.9|Notation~Notation Collection~G~G19~G19.7~G19.7B|Thesaurus~Thesaurus Collection~Geographical areas and countries~Europe~Western Europe~Portugal|Notation~Notation Collection~G~G19~G19.7~G19.7W|Notation~Notation Collection~G~G25~G25.F|Notation~Notation Collection~G~G19~G19.7~G19.7E|Notation~Notation Collection~G~G19~G19.7~G19.7F|Notation~Notation Collection~G~G19~G19.7~G19.7P|Notation~Notation Collection~G~G19~G19.3~G19.3T~G19.3T.5|Notation~Notation Collection~G~G25~G25.U|Notation~Notation Collection~G~G19~G19.7~G19.7N|Notation~Notation Collection~G~G19~G19.7~G19.76|Notation~Notation Collection~G~G19~G19.7~G19.7A|Notation~Notation Collection~G~G19~G19.7~G19.7S~G19.7S.8|Thesaurus~Thesaurus Collection~Geographical areas and countries~Europe~Western Europe~Ireland|Thesaurus~Thesaurus Collection~Geographical areas and countries~Mediterranean countries~Greece|Document Type~Document Type Collection~Reference (all)~Handbook/Manual|Thesaurus~Thesaurus Collection~Economics~Finance~Investment~Investment environment|Thesaurus~Thesaurus Collection~Government and law~The state~Government~Public administration~Foreign assistance~Marshall Plan|Thesaurus~Thesaurus Collection~Geographical areas and countries~Mediterranean countries~France|Thesaurus~Thesaurus Collection~Geographical areas and countries~Europe~Western Europe~Germany|Notation~Notation Collection~J~J02~J02.5~J02.57~J02.57.M~J02.57.MA|Notation~Notation Collection~P~P15~P15.V|Thesaurus~Thesaurus Collection~Geographical areas and countries~Europe~Western Europe~Belgium|Notation~Notation Collection~G~G19~G19.7~G19.7J|Thesaurus~Thesaurus Collection~Geographical areas and countries~Mediterranean countries~Italy|Thesaurus~Thesaurus Collection~Management~Organizations~Business enterprises|Thesaurus~Thesaurus Collection~Geographical areas and countries~Europe~Western Europe~Scandinavia~Norway|Notation~Notation Collection~G~G06~G06.5~G06.5A|Notation~Notation Collection~G~G19~G19.7~G19.7X|Notation~Notation Collection~G~G25~G25.8|Thesaurus~Thesaurus Collection~Geographical areas and countries~America~North America~USA|Thesaurus~Thesaurus Collection~Geographical areas and countries~Europe~Western Europe~Greece|Thesaurus~Thesaurus Collection~Geographical areas and countries~Europe~Western Europe~Turkey|Thesaurus~Thesaurus Collection~Geographical areas and countries~Europe~Western Europe~Scandinavia~Denmark|Thesaurus~Thesaurus Collection~Geographical areas and countries~Mediterranean countries~Turkey,3/7/2003 5:00:00 AM,3/8/2013 1:59:00 PM,True,False,False,False,False,False,False,,,Guest,,,,,,
280279,,,,,,,61,,Reference Document,,,,,,,,,,10/1/2004 12:00:00 AM,10/1/2004 12:00:00 AM,10/1/2004 12:00:00 AM,,Jan 1949,1949-01,,,,10/1/2004 12:00:00 AM,,USAID|Personnel|Organizational structure|Administrative regions|Economic sectors,,,,PN-ACZ-279,,DBA1,,,False,E,,571 KB,PDF,,,,,,4178,U.S. Economic Cooperation Administration (ECA),A,,,,English,application/pdf,P15.63|N05.2|P68|J02.57.3|L04.2|D27.K,,,14,,,,,,,,129290,,,L052,,,,PC10,Economic Cooperation Administration telephone directory,,,,USAID Library conversion 2004,,129290PN-ACZ-279,,D:\Projects\USAID\PDFs\PNACZ279.pdf,004178 - U.S. Economic Cooperation Administration (ECA),,,False,En,Development organizations,,Thesaurus~Thesaurus Collection~Government and law~The state~Government~Public administration~Administrative regions|Document Type~Document Type Collection~Reference (all)~Reference Document|Notation~Notation Collection~P~P15~P15.6~P15.63|Thesaurus~Thesaurus Collection~Economics~Economic systems~Economic sectors|Notation~Notation Collection~L~L04~L04.2|Notation~Notation Collection~P~P68|Thesaurus~Thesaurus Collection~Management~Organizations~Development organizations~USAID|Thesaurus~Thesaurus Collection~Labor~Personnel management~Personnel|Thesaurus~Thesaurus Collection~Human settlements~Settlement regions~Administrative regions|Notation~Notation Collection~N~N05~N05.2|Notation~Notation Collection~J~J02~J02.5~J02.57~J02.57.3|Notation~Notation Collection~D~D27~D27.K|Thesaurus~Thesaurus Collection~Management~Organizational structure,9/30/2004 4:00:00 AM,2/14/2013 6:36:59 AM,True,False,False,False,False,False,False,,,Guest,,,,,,
280280,,,,,,,61,,Reference Document,,,,,,,,,,10/1/2004 12:00:00 AM,10/1/2004 12:00:00 AM,10/1/2004 12:00:00 AM,,Feb 1949,1949-02,,,,10/1/2004 12:00:00 AM,,USAID|Personnel|Organizational structure|Administrative regions|Economic sectors,,,,PN-ACZ-280,,DBA1,,,False,E,,592 KB,PDF,,,,,,4178,U.S. Economic Cooperation Administration (ECA),A,,,,English,application/pdf,P15.63|N05.2|P68|J02.57.3|L04.2|D27.K,,,14,,,,,,,,129291,,,L052,,,,PC10,Economic Cooperation Administration telephone directory,,,,USAID Library conversion 2004,,129291PN-ACZ-280,,D:\Projects\USAID\PDFs\PNACZ280.pdf,004178 - U.S. Economic Cooperation Administration (ECA),,,False,En,Development organizations,,Thesaurus~Thesaurus Collection~Economics~Economic systems~Economic sectors|Thesaurus~Thesaurus Collection~Management~Organizational structure|Notation~Notation Collection~P~P15~P15.6~P15.63|Notation~Notation Collection~L~L04~L04.2|Thesaurus~Thesaurus Collection~Government and law~The state~Government~Public administration~Administrative regions|Thesaurus~Thesaurus Collection~Labor~Personnel management~Personnel|Notation~Notation Collection~N~N05~N05.2|Document Type~Document Type Collection~Reference (all)~Reference Document|Notation~Notation Collection~D~D27~D27.K|Notation~Notation Collection~J~J02~J02.5~J02.57~J02.57.3|Notation~Notation Collection~P~P68|Thesaurus~Thesaurus Collection~Management~Organizations~Development organizations~USAID|Thesaurus~Thesaurus Collection~Human settlements~Settlement regions~Administrative regions,9/30/2004 4:00:00 AM,2/14/2013 6:37:00 AM,True,False,False,False,False,False,False,,,Guest,,,,,,
280281,,,,,,,61,,Reference Document,,,,,,,,,,9/10/2004 12:00:00 AM,9/10/2004 12:00:00 AM,9/10/2004 12:00:00 AM,,Apr 1949,1949-04,,,,9/10/2004 12:00:00 AM,,USAID|Personnel|Organizational structure|Administrative regions|Economic sectors,,,,PN-ACZ-281,,DBA1,,,False,E,,626 KB,PDF,,,,,,4178,U.S. Economic Cooperation Administration (ECA),A,,,,English,application/pdf,P15.63|N05.2|P68|J02.57.3|L04.2|D27.K,,,16,,,,,,,,129292,,,L052,,,,PC10,Economic Cooperation Administration telephone directory,,,,USAID Library conversion 2004,,129292PN-ACZ-281,,D:\Projects\USAID\PDFs\PNACZ281.pdf,004178 - U.S. Economic Cooperation Administration (ECA),,,False,En,Development organizations,,Notation~Notation Collection~P~P68|Thesaurus~Thesaurus Collection~Labor~Personnel management~Personnel|Thesaurus~Thesaurus Collection~Management~Organizations~Development organizations~USAID|Thesaurus~Thesaurus Collection~Government and law~The state~Government~Public administration~Administrative regions|Notation~Notation Collection~P~P15~P15.6~P15.63|Document Type~Document Type Collection~Reference (all)~Reference Document|Notation~Notation Collection~L~L04~L04.2|Notation~Notation Collection~D~D27~D27.K|Notation~Notation Collection~N~N05~N05.2|Notation~Notation Collection~J~J02~J02.5~J02.57~J02.57.3|Thesaurus~Thesaurus Collection~Human settlements~Settlement regions~Administrative regions|Thesaurus~Thesaurus Collection~Economics~Economic systems~Economic sectors|Thesaurus~Thesaurus Collection~Management~Organizational structure,9/30/2004 4:00:00 AM,2/14/2013 6:37:00 AM,True,False,False,False,False,False,False,,,Guest,,,,,,
280282,,,,,,,61,,Reference Document,,,,,,,,,,10/1/2004 12:00:00 AM,10/1/2004 12:00:00 AM,10/1/2004 12:00:00 AM,,Jun 1949,1949-06,,,,10/1/2004 12:00:00 AM,,USAID|Personnel|Organizational structure|Administrative regions|Economic sectors,,,,PN-ACZ-282,,DBA1,,,False,E,,653 KB,PDF,,,,,,4178,U.S. Economic Cooperation Administration (ECA),A,,,,English,application/pdf,P15.63|N05.2|P68|J02.57.3|L04.2|D27.K,,,16,,,,,,,,129293,,,L052,,,,PC10,Economic Cooperation Administration telephone directory,,,,USAID Library conversion 2004,,129293PN-ACZ-282,,D:\Projects\USAID\PDFs\PNACZ282.pdf,004178 - U.S. Economic Cooperation Administration (ECA),,,False,En,Development organizations,,Notation~Notation Collection~P~P15~P15.6~P15.63|Thesaurus~Thesaurus Collection~Human settlements~Settlement regions~Administrative regions|Thesaurus~Thesaurus Collection~Government and law~The state~Government~Public administration~Administrative regions|Notation~Notation Collection~L~L04~L04.2|Document Type~Document Type Collection~Reference (all)~Reference Document|Notation~Notation Collection~J~J02~J02.5~J02.57~J02.57.3|Notation~Notation Collection~P~P68|Notation~Notation Collection~D~D27~D27.K|Thesaurus~Thesaurus Collection~Management~Organizational structure|Notation~Notation Collection~N~N05~N05.2|Thesaurus~Thesaurus Collection~Economics~Economic systems~Economic sectors|Thesaurus~Thesaurus Collection~Labor~Personnel management~Personnel|Thesaurus~Thesaurus Collection~Management~Organizations~Development organizations~USAID,9/30/2004 4:00:00 AM,2/14/2013 6:37:01 AM,True,False,False,False,False,False,False,,,Guest,,,,,,
280283,,,,,,,61,,Reference Document,,,,,,,,,,10/1/2004 12:00:00 AM,10/1/2004 12:00:00 AM,10/1/2004 12:00:00 AM,,Jul 1949,1949-07,,,,10/1/2004 12:00:00 AM,,USAID|Personnel|Organizational structure|Administrative regions|Economic sectors,,,,PN-ACZ-283,,DBA1,,,False,E,,655 KB,PDF,,,,,,4178,U.S. Economic Cooperation Administration (ECA),A,,,,English,application/pdf,P15.63|N05.2|P68|J02.57.3|L04.2|D27.K,,,16,,,,,,,,129294,,,L052,,,,PC10,Economic Cooperation Administration telephone directory,,,,USAID Library conversion 2004,,129294PN-ACZ-283,,D:\Projects\USAID\PDFs\PNACZ283.pdf,004178 - U.S. Economic Cooperation Administration (ECA),,,False,En,Development organizations,,Thesaurus~Thesaurus Collection~Labor~Personnel management~Personnel|Notation~Notation Collection~P~P68|Notation~Notation Collection~J~J02~J02.5~J02.57~J02.57.3|Thesaurus~Thesaurus Collection~Management~Organizational structure|Notation~Notation Collection~P~P15~P15.6~P15.63|Document Type~Document Type Collection~Reference (all)~Reference Document|Thesaurus~Thesaurus Collection~Management~Organizations~Development organizations~USAID|Thesaurus~Thesaurus Collection~Human settlements~Settlement regions~Administrative regions|Notation~Notation Collection~N~N05~N05.2|Thesaurus~Thesaurus Collection~Economics~Economic systems~Economic sectors|Thesaurus~Thesaurus Collection~Government and law~The state~Government~Public administration~Administrative regions|Notation~Notation Collection~L~L04~L04.2|Notation~Notation Collection~D~D27~D27.K,9/30/2004 4:00:00 AM,2/14/2013 6:37:02 AM,True,False,False,False,False,False,False,,,Guest,,,,,,
280284,,,,,,,61,,Reference Document,,,,,,,,,,10/1/2004 12:00:00 AM,10/1/2004 12:00:00 AM,10/1/2004 12:00:00 AM,,Sep 1949,1949-09,,,,10/1/2004 12:00:00 AM,,USAID|Personnel|Organizational structure|Administrative regions|Economic sectors,,,,PN-ACZ-284,,DBA1,,,False,E,,662 KB,PDF,,,,,,4178,U.S. Economic Cooperation Administration (ECA),A,,,,English,application/pdf,P15.63|N05.2|P68|J02.57.3|L04.2|D27.K,,,16,,,,,,,,129295,,,L052,,,,PC10,Economic Cooperation Administration telephone directory,,,,USAID Library conversion 2004,,129295PN-ACZ-284,,D:\Projects\USAID\PDFs\PNACZ284.pdf,004178 - U.S. Economic Cooperation Administration (ECA),,,False,En,Development organizations,,Thesaurus~Thesaurus Collection~Management~Organizations~Development organizations~USAID|Thesaurus~Thesaurus Collection~Labor~Personnel management~Personnel|Notation~Notation Collection~P~P15~P15.6~P15.63|Notation~Notation Collection~N~N05~N05.2|Notation~Notation Collection~J~J02~J02.5~J02.57~J02.57.3|Thesaurus~Thesaurus Collection~Management~Organizational structure|Thesaurus~Thesaurus Collection~Human settlements~Settlement regions~Administrative regions|Notation~Notation Collection~P~P68|Thesaurus~Thesaurus Collection~Economics~Economic systems~Economic sectors|Notation~Notation Collection~L~L04~L04.2|Notation~Notation Collection~D~D27~D27.K|Thesaurus~Thesaurus Collection~Government and law~The state~Government~Public administration~Administrative regions|Document Type~Document Type Collection~Reference (all)~Reference Document,9/30/2004 4:00:00 AM,2/14/2013 6:37:02 AM,True,False,False,False,False,False,False,,,Guest,,,,,,
280285,,,,,,,61,,Reference Document,,,,,,,,,,10/1/2004 12:00:00 AM,10/1/2004 12:00:00 AM,10/1/2004 12:00:00 AM,,Oct 1949,1949-10,,,,10/1/2004 12:00:00 AM,,USAID|Personnel|Organizational structure|Administrative regions|Economic sectors,,,,PN-ACZ-285,,DBA1,,,False,E,,686 KB,PDF,,,,,,4178,U.S. Economic Cooperation Administration (ECA),A,,,,English,application/pdf,P15.63|N05.2|P68|J02.57.3|L04.2|D27.K,,,17,,,,,,,,129296,,,L052,,,,PC10,Telephone directory : Economic Cooperation Administration,,,,USAID Library conversion 2004,,129296PN-ACZ-285,,D:\Projects\USAID\PDFs\PNACZ285.pdf,004178 - U.S. Economic Cooperation Administration (ECA),,,False,En,Development organizations,,Notation~Notation Collection~P~P68|Notation~Notation Collection~J~J02~J02.5~J02.57~J02.57.3|Thesaurus~Thesaurus Collection~Economics~Economic systems~Economic sectors|Notation~Notation Collection~N~N05~N05.2|Thesaurus~Thesaurus Collection~Human settlements~Settlement regions~Administrative regions|Notation~Notation Collection~D~D27~D27.K|Thesaurus~Thesaurus Collection~Labor~Personnel management~Personnel|Thesaurus~Thesaurus Collection~Management~Organizations~Development organizations~USAID|Notation~Notation Collection~P~P15~P15.6~P15.63|Notation~Notation Collection~L~L04~L04.2|Thesaurus~Thesaurus Collection~Government and law~The state~Government~Public administration~Administrative regions|Thesaurus~Thesaurus Collection~Management~Organizational structure|Document Type~Document Type Collection~Reference (all)~Reference Document,9/30/2004 4:00:00 AM,2/14/2013 6:37:03 AM,True,False,False,False,False,False,False,,,Guest,,,,,,
298429,,On cover: Recommendations to the Congress -- Address by Assistant|Secretary Allen|Contents: The Presidents recommendations for technical assistance|program for underdeveloped areas sent to the Congress -- Where do|we stand on Point Four?|Reprint from: The Department of State bulletin (4 Jul 1949),,,,Best available copy -- broken and faded type,55,,Non-USAID Technical,,,,,,,,,,3/4/2008 12:00:00 AM,3/24/2008 12:00:00 AM,3/24/2008 12:00:00 AM,,Jul 1949,1949-07,,,,3/4/2008 12:00:00 AM,,Foreign assistance|Development assistance|Economic development|Development projects|Technical assistance|Partnerships,,,,PC-AAB-647,,JH,,,False,E,,"1,428 KB",PDF,,,,,Point Four Program,12722,U.S. Dept. of State. Ofc. of Public Affairs,A,,,,English,application/pdf,J08.EP|J02.57.M|J02.57.M6|D25.J|J02.57.M8.4|J02.57.M6.E|J08.EP.E|J02.57.M8.A4|P03.HV,,,8,,p. 862- 868,,,,,,147527,,,,,,ILL paper copy scanned directly to searchable PDF 2007-09-19 (exact|OCR),JC20,The President's Point Four program,"Department of State publication, 3569|Department of State publication. Economic cooperation series, 20",,,USAID history (general) Point Four,,147527PC-AAB-647,,D:\Projects\USAID\PDFs\PCAAB647.pdf,012722 - U.S. Dept. of State. Ofc. of Public Affairs,,,False,En,Foreign assistance,,Thesaurus~Thesaurus Collection~Government and law~The state~Government~Public administration~Foreign assistance~Development assistance~Technical assistance|Thesaurus~Thesaurus Collection~Government and law~International politics~International relations~Foreign assistance|Notation~Notation Collection~J~J08~J08.E~J08.EP~J08.EP.E|Notation~Notation Collection~J~J02~J02.5~J02.57~J02.57.M~J02.57.M6~J02.57.M6.E|Notation~Notation Collection~J~J02~J02.5~J02.57~J02.57.M~J02.57.M6|Thesaurus~Thesaurus Collection~Government and law~International politics~International relations~Foreign assistance~Technical assistance|Notation~Notation Collection~P~P03~P03.H~P03.HV|Thesaurus~Thesaurus Collection~Government and law~The state~Government~Public administration~Foreign assistance~Development assistance|Notation~Notation Collection~J~J02~J02.5~J02.57~J02.57.M~J02.57.M8~J02.57.M8.4|Notation~Notation Collection~J~J02~J02.5~J02.57~J02.57.M|Thesaurus~Thesaurus Collection~Management~Management operations~Cooperation~Partnerships|Thesaurus~Thesaurus Collection~Government and law~The state~Government~Public administration~Foreign assistance~Development administration~Development projects|Notation~Notation Collection~J~J08~J08.E~J08.EP|Notation~Notation Collection~J~J02~J02.5~J02.57~J02.57.M~J02.57.M8~J02.57.M8.A~J02.57.M8.A4|Thesaurus~Thesaurus Collection~Government and law~The state~Government~Public administration~Foreign assistance|Thesaurus~Thesaurus Collection~Economics~Economic administration~Economic development|Document Type~Document Type Collection~Technical Reports (all)~Non-USAID Technical|Thesaurus~Thesaurus Collection~Government and law~The state~Government~Public administration~Foreign assistance~Development administration~Development strategies~Partnerships|Notation~Notation Collection~D~D25~D25.J,9/19/2007 4:00:00 AM,11/12/2013 5:17:17 PM,True,True,False,False,False,False,False,,,Guest,,,No values found,11/12/2013 12:02:00 PM,,
308825,,Related to: The Truman Doctrine,,,,,55,,Non-USAID Technical,,,,,,,,,,1/20/2010 12:00:00 AM,1/22/2010 12:00:00 AM,1/22/2010 12:00:00 AM,,Jan 1949,1949-01,,,,,,Foreign assistance|Military assistance|Economic assistance,,Greece|Turkey,,PC-AAB-965,,JHjh,,,False,E,,"2,108 KB",PDF,,,,,,001681|011240,U.S. Dept. of State|U.S. Government Printing Ofc. (GPO),A|P,,,,English,application/pdf,J08.EP|J02.57.M|J02.57.M4|J08.EP.B|D21|G19.3T.5|G19.7E|G25.B|G19.3T.9|G19.7W|G25.U,,,41,,,,,,,,158005,,,,,,Paper copy scanned directly to searchable PDF 2009-11-03 (exact OCR),JC20,"Fifth report to Congress on assistance to Greece and Turkey for the period ended September 30, 1948","Department of State publication, 3371|Department of State publication. Economic cooperation series, 13",,"5th report to Congress on assistance to Greece and Turkey for the|period ended September 30, 1948",USAID Library conversion 2009 (historical),,158005PC-AAB-965,,D:\Projects\USAID\PDFs\PCAAB965.pdf,001681 - U.S. Dept. of State,,011240 - U.S. Government Printing Ofc. (GPO),False,En,Foreign assistance,,Notation~Notation Collection~G~G25~G25.U|Thesaurus~Thesaurus Collection~Government and law~The state~Government~Public administration~Foreign assistance|Notation~Notation Collection~J~J08~J08.E~J08.EP~J08.EP.B|Notation~Notation Collection~G~G19~G19.7~G19.7E|Thesaurus~Thesaurus Collection~Geographical areas and countries~Mediterranean countries~Turkey|Thesaurus~Thesaurus Collection~Economics~Economic assistance|Notation~Notation Collection~D~D21|Thesaurus~Thesaurus Collection~Government and law~International politics~International relations~Foreign assistance|Thesaurus~Thesaurus Collection~Geographical areas and countries~Europe~Central and Eastern Europe~Balkans~Turkey|Notation~Notation Collection~J~J02~J02.5~J02.57~J02.57.M|Thesaurus~Thesaurus Collection~Government and law~International politics~International relations~Foreign assistance~Military assistance|Notation~Notation Collection~J~J02~J02.5~J02.57~J02.57.M~J02.57.M4|Thesaurus~Thesaurus Collection~Geographical areas and countries~Europe~Western Europe~Turkey|Thesaurus~Thesaurus Collection~Geographical areas and countries~Europe~Central and Eastern Europe~Balkans~Greece|Thesaurus~Thesaurus Collection~Geographical areas and countries~Mediterranean countries~Greece|Thesaurus~Thesaurus Collection~Government and law~The state~Government~Public administration~Foreign assistance~Military assistance|Notation~Notation Collection~G~G19~G19.7~G19.7W|Notation~Notation Collection~G~G25~G25.B|Notation~Notation Collection~J~J08~J08.E~J08.EP|Notation~Notation Collection~G~G19~G19.3~G19.3T~G19.3T.5|Thesaurus~Thesaurus Collection~Geographical areas and countries~Europe~Western Europe~Greece|Document Type~Document Type Collection~Technical Reports (all)~Non-USAID Technical|Notation~Notation Collection~G~G19~G19.3~G19.3T~G19.3T.9,11/2/2009 5:00:00 AM,3/12/2013 12:49:55 AM,True,True,False,False,False,False,False,,,Guest,,,,,,
311114,,"'An address by Paul G. Hoffman, Administrator of the Economic|Cooperation Administration, before the Organization for European|Economic Cooperation'",,,"Hoffman, Paul G.",,45,,Other Program Document,,,,,,,,,,4/22/2010 12:00:00 AM,4/22/2010 12:00:00 AM,4/22/2010 12:00:00 AM,,[1949],1949,,,,,,Foreign assistance|Development cooperation|Financial institutions|Government policy,,Europe,,PD-ACP-332,,JH,,,False,E,,208 KB,PDF,,,,,,13269,,A,,,,English,application/pdf,J08.EP|J02.57.M|P03.H9|J02.57.M8.C|D02.2|J02.57.G|G19,,,10,,,,,,,,160283,,,,,,Paper copy scanned directly to searchable PDF 2010-03-16 (exact OCR),JC20,ECA asks OEEC for 1950 program,,,,USAID Library conversion 2009 (historical),,160283PD-ACP-332,,D:\Projects\USAID\PDFs\PDACP332.pdf,013269 -,,,False,En,Foreign assistance,,Notation~Notation Collection~P~P03~P03.H~P03.H9|Thesaurus~Thesaurus Collection~Government and law~The state~Government~Public administration~Government policy|Document Type~Document Type Collection~Program Related Reports (all)~Other Program Document|Notation~Notation Collection~G~G19|Thesaurus~Thesaurus Collection~Management~Management operations~Cooperation~Development cooperation|Thesaurus~Thesaurus Collection~Government and law~The state~Government~Public administration~Foreign assistance|Thesaurus~Thesaurus Collection~Government and law~International politics~International relations~Foreign assistance|Thesaurus~Thesaurus Collection~Economics~Finance~Financial institutions|Notation~Notation Collection~J~J02~J02.5~J02.57~J02.57.G|Notation~Notation Collection~J~J02~J02.5~J02.57~J02.57.M~J02.57.M8~J02.57.M8.C|Thesaurus~Thesaurus Collection~Geographical areas and countries~Europe|Notation~Notation Collection~D~D02~D02.2|Thesaurus~Thesaurus Collection~Government and law~The state~Government~Public administration~Foreign assistance~Development administration~Development cooperation|Notation~Notation Collection~J~J02~J02.5~J02.57~J02.57.M|Notation~Notation Collection~J~J08~J08.E~J08.EP,3/16/2010 4:00:00 AM,3/6/2013 8:06:47 PM,True,True,False,False,False,False,False,,,Guest,,,,,,
311340,,"'Division of Publications, Office of Public Affairs'|Address by George C. McGhee, Coordinator for Aid to Greece and|Turkey, Dept. of State, before the American Political Science|Association, Chicago, Ill., on Dec. 29, 1948",,,"McGhee, George C.",,55,,Non-USAID Technical,,,,,,,,,,4/23/2010 12:00:00 AM,4/23/2010 12:00:00 AM,4/23/2010 12:00:00 AM,,Jan 1949,1949-01,,,,,,Foreign assistance|Coordinating|Development cooperation,,Greece|Turkey,,PC-AAC-029,,JH,,,False,E,,390 KB,PDF,,,,,,12722,U.S. Dept. of State. Ofc. of Public Affairs,A,,,,English,application/pdf,J08.EP|J02.57.M|P03.G|P03.H9|J02.57.M8.C|G19.3T.5|G19.7E|G25.B|G19.3T.9|G19.7W|G25.U,,,24,,,,,,,,160510,,,,,,Paper copy scanned directly to searchable PDF 2010-03-25 (exact OCR),JC20,Coordinating foreign aid,"Department of State publication, 3392|Department and foreign service series, 5",,,USAID Library conversion 2009 (historical),,160510PC-AAC-029,,D:\Projects\USAID\PDFs\PCAAC029.pdf,012722 - U.S. Dept. of State. Ofc. of Public Affairs,,,False,En,Foreign assistance,,Thesaurus~Thesaurus Collection~Geographical areas and countries~Europe~Western Europe~Greece|Notation~Notation Collection~G~G19~G19.7~G19.7E|Notation~Notation Collection~G~G19~G19.7~G19.7W|Notation~Notation Collection~J~J02~J02.5~J02.57~J02.57.M~J02.57.M8~J02.57.M8.C|Thesaurus~Thesaurus Collection~Geographical areas and countries~Europe~Western Europe~Turkey|Document Type~Document Type Collection~Technical Reports (all)~Non-USAID Technical|Thesaurus~Thesaurus Collection~Government and law~The state~Government~Public administration~Foreign assistance|Thesaurus~Thesaurus Collection~Geographical areas and countries~Europe~Central and Eastern Europe~Balkans~Turkey|Notation~Notation Collection~P~P03~P03.H~P03.H9|Notation~Notation Collection~J~J08~J08.E~J08.EP|Thesaurus~Thesaurus Collection~Management~Management operations~Coordinating|Thesaurus~Thesaurus Collection~Geographical areas and countries~Mediterranean countries~Turkey|Notation~Notation Collection~J~J02~J02.5~J02.57~J02.57.M|Thesaurus~Thesaurus Collection~Government and law~International politics~International relations~Foreign assistance|Notation~Notation Collection~P~P03~P03.G|Thesaurus~Thesaurus Collection~Government and law~The state~Government~Public administration~Foreign assistance~Development administration~Development cooperation|Thesaurus~Thesaurus Collection~Management~Management operations~Cooperation~Development cooperation|Notation~Notation Collection~G~G19~G19.3~G19.3T~G19.3T.5|Notation~Notation Collection~G~G19~G19.3~G19.3T~G19.3T.9|Notation~Notation Collection~G~G25~G25.U|Thesaurus~Thesaurus Collection~Geographical areas and countries~Mediterranean countries~Greece|Thesaurus~Thesaurus Collection~Geographical areas and countries~Europe~Central and Eastern Europe~Balkans~Greece|Notation~Notation Collection~G~G25~G25.B,3/25/2010 4:00:00 AM,3/6/2013 9:09:49 PM,True,True,False,False,False,False,False,,,Guest,,,,,,
313463,,'Prepared by: Division of Statistics and Reports and Fiscal and|Trade Policy Division',,,,,32,,Annual Report,,,,,,,,,,11/15/2010 12:00:00 AM,11/15/2010 12:00:00 AM,11/15/2010 12:00:00 AM,,30 Apr 1949,1949-04,,,,,,Capital assistance|Local currency|Counterpart fund,,Europe,,PD-ACQ-096,,JH,,,False,E,,"1,380 KB",PDF,,,,,,4178,U.S. Economic Cooperation Administration (ECA),A,,,,English,application/pdf,J02.57.M6.A|J08.EP.9|D27.N6.3|D02.89|G19,,,25,,,,,,,,162550,,,,,,Paper copy scanned directly to searchable PDF 2010-08-27 (exact OCR),JC24,"Local currency counterpart funds : first annual review, April 3, 1948-April 2, 1949",,,,USAID Library conversion 2004,,162550PD-ACQ-096,,D:\Projects\USAID\PDFs\PDACQ096.pdf,004178 - U.S. Economic Cooperation Administration (ECA),,,False,En,Capital assistance (money transfers),,Thesaurus~Thesaurus Collection~Economics~Economic systems~Monetary systems~Currencies~Local currency|Thesaurus~Thesaurus Collection~Geographical areas and countries~Europe|Notation~Notation Collection~J~J02~J02.5~J02.57~J02.57.M~J02.57.M6~J02.57.M6.A|Notation~Notation Collection~D~D02~D02.8~D02.89|Thesaurus~Thesaurus Collection~Government and law~International politics~International relations~Foreign assistance~Capital assistance|Notation~Notation Collection~D~D27~D27.N~D27.N6~D27.N6.3|Document Type~Document Type Collection~Program Documents (all)~Annual Report|Thesaurus~Thesaurus Collection~Economics~Finance~Development finance~Counterpart fund|Thesaurus~Thesaurus Collection~Government and law~The state~Government~Public administration~Foreign assistance~Development assistance~Capital assistance|Notation~Notation Collection~J~J08~J08.E~J08.EP~J08.EP.9|Notation~Notation Collection~G~G19,8/26/2010 4:00:00 AM,3/6/2013 3:35:32 PM,True,True,False,False,False,False,False,,,Guest,,,,,,
313464,,'Prepared by: Division of Statistics and Reports and Fiscal and|Trade Policy Division',,,,,31,,Periodic Report,,,,,,,,,,11/15/2010 12:00:00 AM,11/15/2010 12:00:00 AM,11/15/2010 12:00:00 AM,,[1949],1949,,,,,,Local currency|Counterpart fund|Capital assistance,,Europe,,PD-ACQ-097,,JH,,,False,E,,418 KB,PDF,,,,,,4178,U.S. Economic Cooperation Administration (ECA),A,,,,English,application/pdf,D27.N6.3|D02.89|J02.57.M6.A|J08.EP.9|G19,,,15,,,,,,,,162551,,,,,,Paper copy scanned directly to searchable PDF 2010-08-30 (exact OCR),JC24,"Local currency counterpart funds : June 30, 1949",,,,USAID Library conversion 2004,,162551PD-ACQ-097,,D:\Projects\USAID\PDFs\PDACQ097.pdf,004178 - U.S. Economic Cooperation Administration (ECA),,,False,En,Capital assistance (money transfers),,Document Type~Document Type Collection~Program Documents (all)~Periodic Report|Notation~Notation Collection~J~J08~J08.E~J08.EP~J08.EP.9|Thesaurus~Thesaurus Collection~Geographical areas and countries~Europe|Thesaurus~Thesaurus Collection~Government and law~International politics~International relations~Foreign assistance~Capital assistance|Thesaurus~Thesaurus Collection~Government and law~The state~Government~Public administration~Foreign assistance~Development assistance~Capital assistance|Notation~Notation Collection~D~D27~D27.N~D27.N6~D27.N6.3|Notation~Notation Collection~D~D02~D02.8~D02.89|Thesaurus~Thesaurus Collection~Economics~Economic systems~Monetary systems~Currencies~Local currency|Thesaurus~Thesaurus Collection~Economics~Finance~Development finance~Counterpart fund|Notation~Notation Collection~G~G19|Notation~Notation Collection~J~J02~J02.5~J02.57~J02.57.M~J02.57.M6~J02.57.M6.A,8/26/2010 4:00:00 AM,3/6/2013 7:18:18 PM,True,True,False,False,False,False,False,,,Guest,,,,,,
313465,,'Prepared by: Division of Statistics and Reports and Fiscal and|Trade Policy Division',,,,,31,,Periodic Report,,,,,,,,,,11/15/2010 12:00:00 AM,11/15/2010 12:00:00 AM,11/15/2010 12:00:00 AM,,[1949],1949,,,,,,Local currency|Counterpart fund|Capital assistance,,Europe,,PD-ACQ-098,,JH,,,False,E,,563 KB,PDF,,,,,,4178,U.S. Economic Cooperation Administration (ECA),A,,,,English,application/pdf,D27.N6.3|D02.89|J02.57.M6.A|J08.EP.9|G19,,,15,,,,,,,,162552,,,,,,Paper copy scanned directly to searchable PDF 2010-08-30 (exact OCR),JC24,"Local currency counterpart funds : September 30, 1949",,,,USAID Library conversion 2004,,162552PD-ACQ-098,,D:\Projects\USAID\PDFs\PDACQ098.pdf,004178 - U.S. Economic Cooperation Administration (ECA),,,False,En,Capital assistance (money transfers),,Notation~Notation Collection~D~D02~D02.8~D02.89|Thesaurus~Thesaurus Collection~Economics~Finance~Development finance~Counterpart fund|Thesaurus~Thesaurus Collection~Economics~Economic systems~Monetary systems~Currencies~Local currency|Thesaurus~Thesaurus Collection~Geographical areas and countries~Europe|Notation~Notation Collection~D~D27~D27.N~D27.N6~D27.N6.3|Thesaurus~Thesaurus Collection~Government and law~The state~Government~Public administration~Foreign assistance~Development assistance~Capital assistance|Notation~Notation Collection~G~G19|Document Type~Document Type Collection~Program Documents (all)~Periodic Report|Notation~Notation Collection~J~J02~J02.5~J02.57~J02.57.M~J02.57.M6~J02.57.M6.A|Notation~Notation Collection~J~J08~J08.E~J08.EP~J08.EP.9|Thesaurus~Thesaurus Collection~Government and law~International politics~International relations~Foreign assistance~Capital assistance,8/26/2010 4:00:00 AM,3/6/2013 7:18:20 PM,True,True,False,False,False,False,False,,,Guest,,,,,,
317467,,"Also contains: Federal-state relations : a report to the Congress,|March 1949 (p. [19]-39) -- Federal research : a report to the|Congress, March 1949 (p. [41]-50)",,,,,55,,Non-USAID Technical,,,,,,,,,,,,,,[1949],1949,,,,,,,,,,PC-AAC-276,,JH,,,False,E,,"2,719 KB",PDF,,,,,,008186|011240,U.S. Commission on Organization of the Executive Branch of the Government|U.S. Government Printing Ofc. (GPO),A|P,,,,English,application/pdf,,,,60,,,,,,,,166767,,,,,,Paper copy scanned directly to searchable PDF 2011-08-10 (exact OCR),JB50,"Administration of overseas affairs : a report to the Congress, March 1949",,,,USAID Library conversion 2009 (historical),,166767PC-AAC-276,,D:\Projects\USAID\PDFs\PCAAC276.pdf,008186 - U.S. Commission on Organization of the Executive Branch of the Government,,011240 - U.S. Government Printing Ofc. (GPO),False,En,Governance,,Document Type~Document Type Collection~Technical Reports (all)~Non-USAID Technical,8/10/2011 4:00:00 AM,3/12/2013 3:01:14 AM,True,True,False,False,False,False,False,No,,Guest,,,,,,
317633,,At head of title: Committee print -- Committee on Foreign Affairs|'July 1949',,,,,55,,Non-USAID Technical,,,,,,,,,,,,,,1949,1949,,,,,,,,,,PC-AAC-280,,JH,,,False,E,,"1,000 KB",PDF,,,,,Point Four Program,004607|003665|011240,U.S. Library of Congress. Legislative Reference Service|U.S. Congress. House of Representatives. Committee on Foreign Affairs|U.S. Government Printing Ofc. (GPO),A|A|P,,,,English,application/pdf,,,,28,,,,,,,,167021,,,,,,Retrieved from Inv (IN-AAC-090),JC20,Point four : background and program (International Technical Cooperation Act of 1949),,,,USAID history (general) Point Four,,167021PC-AAC-280,,D:\Projects\USAID\PDFs\PCAAC280.pdf,004607 - U.S. Library of Congress. Legislative Reference Service|003665 - U.S. Congress. House of Representatives. Committee on Foreign Affairs,,011240 - U.S. Government Printing Ofc. (GPO),False,En,Foreign assistance,,Document Type~Document Type Collection~Technical Reports (all)~Non-USAID Technical,8/26/2011 4:00:00 AM,3/12/2013 3:16:41 AM,True,True,False,False,False,False,False,No,,Guest,,,,,,
317673,,European recovery program,,,,,54,,Other USAID Supported Study/Document,,,,,,,,,,,,,,Feb 1949,1949-02,,,,,,,,United Kingdom,,PN-ADW-735,,JH,,,False,E,,"2,787 KB",PDF,,157,Great Britain,,,004178|011240,U.S. Economic Cooperation Administration (ECA)|U.S. Government Printing Ofc. (GPO),A|P,,,,English,application/pdf,G19.7X,,,96,,,,,,,,166981,,,,,,Retrieved from Inv (IN-AAE-180),EA00,United Kingdom country study,,,,,,166981PN-ADW-735,,D:\Projects\USAID\PDFs\PNADW735.pdf,004178 - U.S. Economic Cooperation Administration (ECA),,011240 - U.S. Government Printing Ofc. (GPO),False,En,Education (General),,Thesaurus~Thesaurus Collection~Geographical areas and countries~Europe~Western Europe~United Kingdom|Document Type~Document Type Collection~Technical Reports (all)~Other USAID Supported Study/Document|Notation~Notation Collection~G~G19~G19.7~G19.7X,8/23/2011 4:00:00 AM,3/6/2013 3:45:16 PM,True,True,False,False,False,False,False,No,,Guest,,,,,,
317674,,European recovery program,,,,,54,,Other USAID Supported Study/Document,,,,,,,,,,,,,,Feb 1949,1949-02,,,,,,,,Turkey,,PN-ADW-734,,JH,,,False,E,,"1,326 KB",PDF,,277,Turkey,,,004178|011240,U.S. Economic Cooperation Administration (ECA)|U.S. Government Printing Ofc. (GPO),A|P,,,,English,application/pdf,G19.3T.9|G19.7W|G25.U,,,47,,,,,,,,166980,,,,,,Retrieved from Inv (IN-AAG-629),EA00,Turkey country study,,,,,,166980PN-ADW-734,,D:\Projects\USAID\PDFs\PNADW734.pdf,004178 - U.S. Economic Cooperation Administration (ECA),,011240 - U.S. Government Printing Ofc. (GPO),False,En,Education (General),,Thesaurus~Thesaurus Collection~Geographical areas and countries~Europe~Central and Eastern Europe~Balkans~Turkey|Notation~Notation Collection~G~G19~G19.7~G19.7W|Document Type~Document Type Collection~Technical Reports (all)~Other USAID Supported Study/Document|Notation~Notation Collection~G~G25~G25.U|Notation~Notation Collection~G~G19~G19.3~G19.3T~G19.3T.9|Thesaurus~Thesaurus Collection~Geographical areas and countries~Europe~Western Europe~Turkey|Thesaurus~Thesaurus Collection~Geographical areas and countries~Mediterranean countries~Turkey,8/23/2011 4:00:00 AM,3/6/2013 8:44:58 PM,True,True,False,False,False,False,False,No,,Guest,,,,,,
317675,,European recovery program,,,,,54,,Other USAID Supported Study/Document,,,,,,,,,,,,,,Feb 1949,1949-02,,,,,,,,Italy,,PN-ADW-733,,JH,,,False,E,,718 KB,PDF,,145,Italy,,Trieste,004178|011240,U.S. Economic Cooperation Administration (ECA)|U.S. Government Printing Ofc. (GPO),A|P,,,,English,application/pdf,G19.7G|G25.F,,,21,,,,,,,,166979,,,,,,Retrieved from Inv (IN-AAE-186),EA00,Trieste country study,,,,,,166979PN-ADW-733,,D:\Projects\USAID\PDFs\PNADW733.pdf,004178 - U.S. Economic Cooperation Administration (ECA),,011240 - U.S. Government Printing Ofc. (GPO),False,En,Education (General),,Thesaurus~Thesaurus Collection~Geographical areas and countries~Mediterranean countries~Italy|Notation~Notation Collection~G~G19~G19.7~G19.7G|Notation~Notation Collection~G~G25~G25.F|Document Type~Document Type Collection~Technical Reports (all)~Other USAID Supported Study/Document|Thesaurus~Thesaurus Collection~Geographical areas and countries~Europe~Western Europe~Italy,8/23/2011 4:00:00 AM,3/6/2013 7:26:41 PM,True,True,False,False,False,False,False,No,,Guest,,,,,,
317676,,European recovery program,,,,,54,,Other USAID Supported Study/Document,,,,,,,,,,,,,,Feb 1949,1949-02,,,,,,,,Netherlands,,PN-ADW-732,,JH,,,False,E,,"1,079 KB",PDF,,147,Netherlands,,,4178,U.S. Economic Cooperation Administration (ECA),A,,,,English,application/pdf,G19.7N,,,41,,,,,,,,166978,,,,,,Retrieved from Inv (IN-AAE-192),EA00,The Netherlands country study,,,,,,166978PN-ADW-732,,D:\Projects\USAID\PDFs\PNADW732.pdf,004178 - U.S. Economic Cooperation Administration (ECA),,,False,En,Education (General),,Thesaurus~Thesaurus Collection~Geographical areas and countries~Europe~Western Europe~Netherlands|Document Type~Document Type Collection~Technical Reports (all)~Other USAID Supported Study/Document|Notation~Notation Collection~G~G19~G19.7~G19.7N,8/23/2011 4:00:00 AM,3/6/2013 7:26:43 PM,True,True,False,False,False,False,False,No,,Guest,,,,,,
317687,,European recovery program,,,,,54,,Other USAID Supported Study/Document,,,,,,,,,,,,,,Feb 1949,1949-02,,,,,,,,Sweden,,PN-ADW-721,,JH,,,False,E,,"2,162 KB",PDF,,153,Sweden,,,004178|011240,U.S. Economic Cooperation Administration (ECA)|U.S. Government Printing Ofc. (GPO),A|P,,,,English,application/pdf,G19.7S.C,,,74,,,,,,,,166967,,,,,,Retrieved from Inv (IN-AAE-191),EA00,Sweden country study,,,,,,166967PN-ADW-721,,D:\Projects\USAID\PDFs\PNADW721.pdf,004178 - U.S. Economic Cooperation Administration (ECA),,011240 - U.S. Government Printing Ofc. (GPO),False,En,Education (General),,Document Type~Document Type Collection~Technical Reports (all)~Other USAID Supported Study/Document|Notation~Notation Collection~G~G19~G19.7~G19.7S~G19.7S.C|Thesaurus~Thesaurus Collection~Geographical areas and countries~Europe~Western Europe~Scandinavia~Sweden,8/22/2011 4:00:00 AM,3/12/2013 3:17:21 AM,True,True,False,False,False,False,False,No,,Guest,,,,,,
317688,,European recovery program,,,,,54,,Other USAID Supported Study/Document,,,,,,,,,,,,,,Feb 1949,1949-02,,,,,,,,Portugal,,PN-ADW-720,,JH,,,False,E,,979 KB,PDF,,150,Portugal,,,004178|011240,U.S. Economic Cooperation Administration (ECA)|U.S. Government Printing Ofc. (GPO),A|P,,,,English,application/pdf,G19.7P,,,33,,,,,,,,166966,,,,,,Retrieved from Inv (IN-AAE-191),EA00,Portugal country study,,,,,,166966PN-ADW-720,,D:\Projects\USAID\PDFs\PNADW720.pdf,004178 - U.S. Economic Cooperation Administration (ECA),,011240 - U.S. Government Printing Ofc. (GPO),False,En,Education (General),,Document Type~Document Type Collection~Technical Reports (all)~Other USAID Supported Study/Document|Notation~Notation Collection~G~G19~G19.7~G19.7P|Thesaurus~Thesaurus Collection~Geographical areas and countries~Europe~Western Europe~Portugal,8/22/2011 4:00:00 AM,3/12/2013 4:22:43 AM,True,True,False,False,False,False,False,No,,Guest,,,,,,
317689,,European recovery program,,,,,54,,Other USAID Supported Study/Document,,,,,,,,,,,,,,Feb 1949,1949-02,,,,,,,,Norway,,PN-ADW-719,,JH,,,False,E,,"2,220 KB",PDF,,,,,,004178|011240,U.S. Economic Cooperation Administration (ECA)|U.S. Government Printing Ofc. (GPO),A|P,,,,English,application/pdf,G19.7S.A,,,72,,,,,,,,166965,,,,,,Retrieved from Inv (IN-AAE-191),EA00,Norway country study,,,,,,166965PN-ADW-719,,D:\Projects\USAID\PDFs\PNADW719.pdf,004178 - U.S. Economic Cooperation Administration (ECA),,011240 - U.S. Government Printing Ofc. (GPO),False,En,Education (General),,Thesaurus~Thesaurus Collection~Geographical areas and countries~Europe~Western Europe~Scandinavia~Norway|Notation~Notation Collection~G~G19~G19.7~G19.7S~G19.7S.A|Document Type~Document Type Collection~Technical Reports (all)~Other USAID Supported Study/Document,8/22/2011 4:00:00 AM,3/12/2013 3:59:34 AM,True,True,False,False,False,False,False,No,,Guest,,,,,,
317690,,European recovery program,,,,,54,,Other USAID Supported Study/Document,,,,,,,,,,,,,,Feb 1949,1949-02,,,,,,,,Italy,,PN-ADW-718,,JH,,,False,E,,"2,464 KB",PDF,,145,Italy,,,004178|011240,U.S. Economic Cooperation Administration (ECA)|U.S. Government Printing Ofc. (GPO),A|P,,,,English,application/pdf,G19.7G|G25.F,,,84,,,,,,,,166964,,,,,,Retrieved from Inv (IN-AAE-191),EA00,Italy country study,,,,,,166964PN-ADW-718,,D:\Projects\USAID\PDFs\PNADW718.pdf,004178 - U.S. Economic Cooperation Administration (ECA),,011240 - U.S. Government Printing Ofc. (GPO),False,En,Education (General),,Document Type~Document Type Collection~Technical Reports (all)~Other USAID Supported Study/Document|Thesaurus~Thesaurus Collection~Geographical areas and countries~Europe~Western Europe~Italy|Notation~Notation Collection~G~G19~G19.7~G19.7G|Notation~Notation Collection~G~G25~G25.F|Thesaurus~Thesaurus Collection~Geographical areas and countries~Mediterranean countries~Italy,8/22/2011 4:00:00 AM,3/12/2013 4:22:46 AM,True,True,False,False,False,False,False,No,,Guest,,,,,,
317691,,European recovery program,,,,,54,,Other USAID Supported Study/Document,,,,,,,,,,,,,,Feb 1949,1949-02,,,,,,,,Ireland,,PN-ADW-717,,JH,,,False,E,,"1,500 KB",PDF,,144,Ireland,,,004178|011240,U.S. Economic Cooperation Administration (ECA)|U.S. Government Printing Ofc. (GPO),A|P,,,,English,application/pdf,G19.7F,,,50,,,,,,,,166963,,,,,,Retrieved from Inv (IN-AAE-191),EA00,Ireland country study,,,,,,166963PN-ADW-717,,D:\Projects\USAID\PDFs\PNADW717.pdf,004178 - U.S. Economic Cooperation Administration (ECA),,011240 - U.S. Government Printing Ofc. (GPO),False,En,Education (General),,Notation~Notation Collection~G~G19~G19.7~G19.7F|Thesaurus~Thesaurus Collection~Geographical areas and countries~Europe~Western Europe~Ireland|Document Type~Document Type Collection~Technical Reports (all)~Other USAID Supported Study/Document,8/22/2011 4:00:00 AM,3/12/2013 3:59:40 AM,True,True,False,False,False,False,False,No,,Guest,,,,,,
317692,,European recovery program,,,,,54,,Other USAID Supported Study/Document,,,,,,,,,,,,,,Feb 1949,1949-02,,,,,,,,Iceland,,PN-ADW-716,,JH,,,False,E,,"1,087 KB",PDF,,143,Iceland,,,004178|011240,U.S. Economic Cooperation Administration (ECA)|U.S. Government Printing Ofc. (GPO),A|P,,,,English,application/pdf,G19.7S.8,,,39,,,,,,,,166962,,,,,,Retrieved from Inv (IN-AAE-191),EA00,Iceland country study,,,,,,166962PN-ADW-716,,D:\Projects\USAID\PDFs\PNADW716.pdf,004178 - U.S. Economic Cooperation Administration (ECA),,011240 - U.S. Government Printing Ofc. (GPO),False,En,Education (General),,Notation~Notation Collection~G~G19~G19.7~G19.7S~G19.7S.8|Document Type~Document Type Collection~Technical Reports (all)~Other USAID Supported Study/Document|Thesaurus~Thesaurus Collection~Geographical areas and countries~Europe~Western Europe~Scandinavia~Iceland,8/22/2011 4:00:00 AM,3/12/2013 3:40:53 AM,True,True,False,False,False,False,False,No,,Guest,,,,,,
317693,,European recovery program,,,,,54,,Other USAID Supported Study/Document,,,,,,,,,,,,,,Feb 1949,1949-02,,,,,,,,Greece,,PN-ADW-715,,JH,,,False,E,,"1,699 KB",PDF,,240,Greece,,,004178|011240,U.S. Economic Cooperation Administration (ECA)|U.S. Government Printing Ofc. (GPO),A|P,,,,English,application/pdf,G19.3T.5|G19.7E|G25.B,,,109,,,,,,,,166961,,,,,,Retrieved from Inv (IN-AAE-194),EA00,Greece country study,,,,,,166961PN-ADW-715,,D:\Projects\USAID\PDFs\PNADW715.pdf,004178 - U.S. Economic Cooperation Administration (ECA),,011240 - U.S. Government Printing Ofc. (GPO),False,En,Education (General),,Thesaurus~Thesaurus Collection~Geographical areas and countries~Europe~Western Europe~Greece|Notation~Notation Collection~G~G25~G25.B|Document Type~Document Type Collection~Technical Reports (all)~Other USAID Supported Study/Document|Notation~Notation Collection~G~G19~G19.7~G19.7E|Notation~Notation Collection~G~G19~G19.3~G19.3T~G19.3T.5|Thesaurus~Thesaurus Collection~Geographical areas and countries~Europe~Central and Eastern Europe~Balkans~Greece|Thesaurus~Thesaurus Collection~Geographical areas and countries~Mediterranean countries~Greece,8/22/2011 4:00:00 AM,3/12/2013 3:40:55 AM,True,True,False,False,False,False,False,No,,Guest,,,,,,
317694,,European recovery program,,,,,54,,Other USAID Supported Study/Document,,,,,,,,,,,,,,Feb 1949,1949-02,,,,,,,,France,,PN-ADW-714,,JH,,,False,E,,"3,181 KB",PDF,,138,France,,,004178|011240,U.S. Economic Cooperation Administration (ECA)|U.S. Government Printing Ofc. (GPO),A|P,,,,English,application/pdf,G19.7A|G25.8,,,109,,,,,,,,166960,,,,,,Retrieved from Inv (IN-AAE-190),EA00,France country study,,,,,,166960PN-ADW-714,,D:\Projects\USAID\PDFs\PNADW714.pdf,004178 - U.S. Economic Cooperation Administration (ECA),,011240 - U.S. Government Printing Ofc. (GPO),False,En,Education (General),,Thesaurus~Thesaurus Collection~Geographical areas and countries~Europe~Western Europe~France|Thesaurus~Thesaurus Collection~Geographical areas and countries~Mediterranean countries~France|Document Type~Document Type Collection~Technical Reports (all)~Other USAID Supported Study/Document|Notation~Notation Collection~G~G25~G25.8|Notation~Notation Collection~G~G19~G19.7~G19.7A,8/22/2011 4:00:00 AM,3/12/2013 3:40:59 AM,True,True,False,False,False,False,False,No,,Guest,,,,,,
317695,,European recovery program,,,,,54,,Other USAID Supported Study/Document,,,,,,,,,,,,,,Feb 1949,1949-02,,,,,,,,Denmark,,PN-ADW-713,,JH,,,False,E,,"1,643 KB",PDF,,136,Denmark,,,004178|011240,U.S. Economic Cooperation Administration (ECA)|U.S. Government Printing Ofc. (GPO),A|P,,,,English,application/pdf,G19.7S.2,,,58,,,,,,,,166959,,,,,,Retrieved from Inv (IN-AAE-190),EA00,Denmark country study,,,,,,166959PN-ADW-713,,D:\Projects\USAID\PDFs\PNADW713.pdf,004178 - U.S. Economic Cooperation Administration (ECA),,011240 - U.S. Government Printing Ofc. (GPO),False,En,Education (General),,Document Type~Document Type Collection~Technical Reports (all)~Other USAID Supported Study/Document|Notation~Notation Collection~G~G19~G19.7~G19.7S~G19.7S.2|Thesaurus~Thesaurus Collection~Geographical areas and countries~Europe~Western Europe~Scandinavia~Denmark,8/22/2011 4:00:00 AM,3/12/2013 3:41:01 AM,True,True,False,False,False,False,False,No,,Guest,,,,,,
317696,,European recovery program,,,,,54,,Other USAID Supported Study/Document,,,,,,,,,,,,,,Feb 1949,1949-02,,,,,,,,Belgium|Luxemburg,,PN-ADW-712,,JH,,,False,E,,"2,479 KB",PDF,,,,,,004178|011240,U.S. Economic Cooperation Administration (ECA)|U.S. Government Printing Ofc. (GPO),A|P,,,,English,application/pdf,G19.76|G19.7J,,,79,,,,,,,,166958,,,,,,Retrieved from Inv (IN-AAE-193),EA00,Belgium & Luxemburg country study,,,Belgium and Luxemburg country study,,,166958PN-ADW-712,,D:\Projects\USAID\PDFs\PNADW712.pdf,004178 - U.S. Economic Cooperation Administration (ECA),,011240 - U.S. Government Printing Ofc. (GPO),False,En,Education (General),,Document Type~Document Type Collection~Technical Reports (all)~Other USAID Supported Study/Document|Thesaurus~Thesaurus Collection~Geographical areas and countries~Europe~Western Europe~Luxemburg|Thesaurus~Thesaurus Collection~Geographical areas and countries~Europe~Western Europe~Belgium|Notation~Notation Collection~G~G19~G19.7~G19.76|Notation~Notation Collection~G~G19~G19.7~G19.7J,8/22/2011 4:00:00 AM,3/12/2013 3:59:44 AM,True,True,False,False,False,False,False,No,,Guest,,,,,,
317697,,European recovery program,,,,,54,,Other USAID Supported Study/Document,,,,,,,,,,,,,,Feb 1949,1949-02,,,,,,,,Austria,,PN-ADW-711,,JH,,,False,E,,"2,026 KB",PDF,,,,,,004178|011240,U.S. Economic Cooperation Administration (ECA)|U.S. Government Printing Ofc. (GPO),A|P,,,,English,application/pdf,G19.73,,,69,,,,,,,,166957,,,,,,Retrieved from Inv (IN-AAE-183),EA00,Austria country study,,,,,,166957PN-ADW-711,,D:\Projects\USAID\PDFs\PNADW711.pdf,004178 - U.S. Economic Cooperation Administration (ECA),,011240 - U.S. Government Printing Ofc. (GPO),False,En,Education (General),,Document Type~Document Type Collection~Technical Reports (all)~Other USAID Supported Study/Document|Thesaurus~Thesaurus Collection~Geographical areas and countries~Europe~Western Europe~Austria|Notation~Notation Collection~G~G19~G19.7~G19.73,8/22/2011 4:00:00 AM,3/12/2013 4:22:49 AM,True,True,False,False,False,False,False,No,,Guest,,,,,,
317699,,European recovery program,,,,,54,,Other USAID Supported Study/Document,,,,,,,,,,,,,,Feb 1949,1949-02,,,,,,,,Germany,,PN-ADW-710,,JH,,,False,E,,"3,271 KB",PDF,,,,,,4178,U.S. Economic Cooperation Administration (ECA),A,,,,English,application/pdf,G19.7B,,,108,,,,,,,,166955,,,,,,Retrieved from Inv (IN-AAE-181_,DA00,Western Germany country study,,,,,,166955PN-ADW-710,,D:\Projects\USAID\PDFs\PNADW710.pdf,004178 - U.S. Economic Cooperation Administration (ECA),,,False,En,Economics (General),,Thesaurus~Thesaurus Collection~Geographical areas and countries~Europe~Western Europe~Germany|Document Type~Document Type Collection~Technical Reports (all)~Other USAID Supported Study/Document|Notation~Notation Collection~G~G19~G19.7~G19.7B,8/22/2011 4:00:00 AM,3/12/2013 4:22:53 AM,True,True,False,False,False,False,False,No,,Guest,,,,,,
317896,,,,,,,55,,Non-USAID Technical,,,,,,,,,,,,,,10 Feb 1949,1949-02,,,,,,,,,,PC-AAC-289,,JH,,,False,E,,769 KB,PDF,,,,,Economic Cooperation Administration (ECA),13668,,A,,,,English,application/pdf,,,,41,,,,,,,,167100,,ORE 68-48,,,,Web capture (foia.cia.gov),JC22,Opposition to ECA in participating countries,,,,,,167100PC-AAC-289,,D:\Projects\USAID\PDFs\PCAAC289.pdf,013668 -,,,False,En,Development assistance,,Document Type~Document Type Collection~Technical Reports (all)~Non-USAID Technical,9/7/2011 4:00:00 AM,2/14/2013 7:03:42 AM,True,True,False,False,False,False,False,No,,Guest,,,,,,
331262,,"'Prepared for the Government of Afghanistan'|Listed as report no. R0018T01 in: Geological archive of Afghanistan / Afghanistan Geological Survey, [2009]",,,"Volin, M.  E.",,55,,Non-USAID Technical,,,,,,,,,,,,,,[1949],1949,,,,,,,,Afghanistan,,PN-ARC-824,,,,,False,Electronic,,"1,978 KB",,,306,Afghanistan,,,,,,,,,English,application/pdf,,,,46,,,,,,,,,,,,,,,TC00,"The Yaka Ta Khom zinc-lead deposits, Dahla District, Kandahar Province, Afghanistan",,,,,,,,pnarc824.pdf,001357 - U.S. Bur. of Mines,,,False,,Sciences,4/10/2013 12:00:00 AM,,4/10/2013 2:33:41 PM,10/25/2013 7:05:57 PM,True,True,True,False,False,False,False,No,,jharold@usaid.gov,,,Afghanistan (99.0),10/25/2013 3:01:00 PM,,
338209,,,,,,,54,,Other USAID Supported Study/Document,,,,,,,,,,,,,,October 1949,1949-10,,,,,,,,Greece,,PN-ARC-364,,,,,False,Electronic,,"2,756 KB",,,,Greece,,,,,,,,,English,application/pdf,,,,122,,,,,,,,,,,,,,,FE10,"Salonika electric distribution operations : part of report on electric power program, Kingdom of Greece",,,,,,,,pnarc364.pdf,"001702 - Ebasco Services, Inc.",004178 - U.S. Economic Cooperation Administration (ECA),,False,,Electric power,8/30/2013 12:00:00 AM,,8/30/2013 12:05:35 PM,10/25/2013 7:08:04 PM,True,True,True,False,False,False,False,No,,jharold@usaid.gov,,,No values found,10/25/2013 3:03:00 PM,,
338210,,,,,,,54,,Other USAID Supported Study/Document,,,,,,,,,,,,,,October 1949,1949-10,,,,,,,,Greece,,PN-ARE-331,,,,,False,Electronic,,"3,756 KB",,,,Greece,,,,,,,,,English,application/pdf,,,,126,,,,,,,,,,,,,,,FD00,"Manufactured gas operations : part of report on electric power program, Kingdom of Greece",,,,,,,,pnare331.pdf,"001702 - Ebasco Services, Inc.",004178 - U.S. Economic Cooperation Administration (ECA),,False,,Energy technology,8/30/2013 12:00:00 AM,,8/30/2013 12:22:01 PM,10/25/2013 7:08:05 PM,True,True,True,False,False,False,False,No,,jharold@usaid.gov,,,Greece (116.0),10/25/2013 3:03:00 PM,,
338441,,,,,,,64,,Activity/Project/Program Overview,,,,,,,,,,,,,,1949,1949,,,,,,,,Latin America|Chile|Paraguay,,PD-ACX-447,,,,,False,Electronic,,"1,087 KB",,,,,,,,,,,,,English,application/pdf,,,,47,,,,,,,,66453,,,,,,Retrieved from Inv (IN-AAL-747),JC22,The program of the Institute of Inter-American Affairs,,,,,,65808PN-ABJ-290,,C:\Documents and Settings\jharold\My Documents\Downloads\pdacx447.pdf,040214 - Institute of Inter-American Affairs (U.S.),,,False,En,Development assistance,9/6/2013 12:00:00 AM,,9/6/2013 3:56:16 PM,10/25/2013 7:08:13 PM,True,True,True,False,False,False,False,,,jharold@usaid.gov,,,Latin America (163.0)|Chile (146.0)|Paraguay (117.0),10/25/2013 3:04:00 PM,,
